Cusp_ID,Id,Cycloid_Nu,Confidence,CompassA,DirMean,CirVar,AveX,AveY,AveLen,Lat_dd,Long_dd
1,1,1,1,113.8698074,336.1301926,0,-4672598.945,1237397.051,20759.5085,45.386,8.614
1,1,1,1,357.273689,92.72631099,0,-4682785.423,1244408.523,4171.917871,45.644,8.24
2,2,1,1,62.73258391,152.7325839,0,-4670283.836,1238521.532,16892.2344,45.428,8.699
2,2,1,1,7.00E-15,90,0,-4678055.987,1245036.91,3836.466006,45.667,8.414
3,3,1,2,355.515394,94.48460601,0,-4673425.769,1245202.275,3383.804177,45.673,8.584
4,1,2,1,127.0025265,322.9974735,0,-4748043.71,1135533.587,18288.08557,41.65,5.847
4,1,2,1,6.613460482,83.38653952,0,-4755134.558,1145746.524,7351.432981,42.025,5.587
5,2,2,2,9.819300639,80.18069936,0,-4748837.462,1141671.932,5585.16417,41.875,5.818
6,1,3,1,147.7632134,302.2367866,0,-4630568.475,954769.8919,27776.81987,35.02,10.156
6,1,3,1,68.94042668,21.05957332,0,-4625223.881,972113.3641,24666.32636,35.656,10.352
7,1,4,1,138.4473869,311.5526131,0,-4172706.101,1326316.191,31113.08229,48.648,26.95
7,1,4,1,26.22196678,63.77803322,0,-4178923.822,1349996.446,19760.71284,49.516,26.722
8,1,5,1,103.9283419,346.0716581,0,-4162508.598,-1052987.266,42593.58506,-38.622,27.324
8,1,5,1,350.0958168,99.90418321,0,-4187644.065,-1033804.936,21151.20036,-37.919,26.402
9,1,6,2,202.9321004,247.0678996,0,-4482721.218,-1135901.234,9336.896096,-41.664,15.579
9,1,6,2,54.63753811,35.36246189,0,-4475775.891,-1127963.718,12572.08442,-41.372,15.833
10,2,6,2,198.4349488,251.5650512,0,-4381021.796,-1036682.285,4183.438188,-38.024,19.309
10,2,6,2,49.89909245,40.10090755,0,-4377218.402,-1032052.068,8215.158504,-37.855,19.448
11,3,6,2,202.1663458,247.8336542,0,-4306442.219,-957141.7618,9642.34859,-35.107,22.044
11,3,6,2,47.72631099,42.27368901,0,-4300985.177,-949369.6108,9833.304723,-34.822,22.244
12,4,6,1,199.7988764,250.2011236,0,-4228389.98,-869829.0871,8787.709984,-31.904,24.907
12,4,6,1,58.57043439,31.42956561,0,-4223925.127,-863875.9502,6976.753367,-31.686,25.071
13,5,6,2,204.7751406,245.2248594,0,-4159102.081,-794918.7811,9470.660999,-29.157,27.449
13,5,6,2,51.14662566,38.85337434,0,-4151164.565,-785823.7108,15288.87839,-28.823,27.74
14,1,7,1,129.0355129,320.9644871,0,-4787621.046,-265332.1316,12603.19338,-9.732,4.395
14,1,7,1,5.767888898,84.2321111,0,-4792145.43,-255013.361,10530.83659,-9.354,4.229
15,2,7,1,101.1648802,348.8351198,0,-4664086.841,-392491.1359,8198.514269,-14.396,8.926
15,2,7,1,351.1796204,98.82037955,0,-4669325.601,-387675.7096,6211.80704,-14.22,8.734
15,2,7,3,351.8698976,98.13010235,0,-4665039.343,-387675.7096,4490.137041,-14.22,8.891
16,3,7,1,105.4077036,344.5922964,0,-4526238.648,-493668.005,13941.93777,-18.107,13.982
16,3,7,1,346.9081069,103.0918931,0,-4535075.749,-486206.74,9344.568646,-17.834,13.658
17,4,7,1,100.491477,349.508523,0,-4423474.276,-557591.4661,8718.269125,-20.452,17.752
17,4,7,1,327.7575322,122.2424678,0,-4430670.957,-552511.456,8133.361297,-20.266,17.488
18,5,7,1,112.3062051,337.6937949,0,-4338860.357,-608973.6522,8922.71565,-22.336,20.855
18,5,7,1,323.0170931,126.9829069,0,-4347591.624,-601829.8879,10731.54234,-22.074,20.535
19,6,7,2,89.2747757,0.725224299,0,-4249272.261,-654534.9934,8361.519861,-24.008,24.141
19,6,7,2,306.1074513,143.8925487,0,-4259326.448,-650566.2354,11134.67479,-23.862,23.772
20,1,8,2,85.91438322,4.08561678,0,-4640736.488,-78086.13213,11883.55672,-2.864,9.783
20,1,8,2,288.4349488,161.5650512,0,-4658304.857,-75546.12705,10709.60176,-2.771,9.138
21,2,8,1,66.80140949,23.19859051,0,-4512439.773,-126002.2696,8463.04479,-4.622,14.489
21,2,8,1,300.6645646,149.3354354,0,-4527203.553,-122033.5117,20854.98275,-4.476,13.947
22,1,9,1,84.89783475,5.102165252,0,-4546200.674,11634.25565,11900.51037,0.427,13.25
22,1,9,1,312.4362298,137.5637702,0,-4557736.53,15550.09681,10038.02024,0.57,12.827
23,2,9,2,96.22582906,353.7741709,0,-4362579.473,-53876.70871,11710.75793,-1.976,19.985
23,2,9,2,309.2894069,140.7105931,0,-4376549.501,-47844.19664,15041.77293,-1.755,19.473
24,1,10,2,48.57633438,41.42366562,0,3856422.983,286748.5559,17995.59317,10.518,-38.551
24,1,10,2,278.9726266,171.0273734,0,3836976.069,280398.5432,15268.11664,10.285,-39.264
25,2,10,1,48.81407483,41.18592517,0,4038192.097,370489.3484,19687.95527,13.589,-31.883
25,2,10,1,286.4403795,163.5596205,0,4019274.35,366123.7146,16827.61686,13.429,-32.577
26,3,10,1,52.02839624,37.97160376,0,4248668.559,434121.7673,13760.90469,15.923,-24.163
26,3,10,1,300.9637565,149.0362435,0,4235968.534,433460.3076,10799.43042,15.899,-24.629
27,4,10,1,68.19859051,21.80140949,0,4449090.835,467459.334,17097.93246,17.146,-16.812
27,4,10,1,299.8989018,150.1010982,0,4433215.803,467856.2098,12208.18728,17.16,-17.394
28,5,10,1,73.21735585,16.78264415,0,4620144.302,469708.2968,17410.34192,17.228,-10.538
28,5,10,1,308.9275436,141.0724564,0,4605459.898,471295.8,8842.802772,17.287,-11.077
29,1,11,3,105.2551187,344.7448813,0,3775361.102,23428.08132,11312.70067,0.859,-41.524
29,1,11,3,258.366366,191.633634,0,3760974.355,23097.35149,11480.66088,0.847,-42.052
30,2,11,3,97.27500496,352.724995,0,3879871.728,29877.31297,15670.45252,1.096,-37.69
30,2,11,3,265.0302593,184.9697407,0,3860854.763,30208.0428,15270.982,1.108,-38.388
31,1,12,1,112.7509763,337.2490237,0,3735922.673,-8315.367584,7115.28927,-0.305,-42.97
31,1,12,1,253.3007558,196.6992442,0,3725868.486,-8209.534039,8839.47719,-0.301,-43.339
32,2,12,1,117.1981279,332.8018721,0,3898284.56,-622.5917815,16063.66726,-0.023,-37.015
32,2,12,1,239.5889187,210.4110813,0,3884393.907,171.159806,10584.38798,0.006,-37.525
33,3,12,1,123.111342,326.888658,0,4060507.541,9299.303062,5448.918203,0.341,-31.065
33,3,12,1,230.7105931,219.2894069,0,4054058.309,9398.522011,5640.664848,0.345,-31.302
34,1,13,1,73.92642584,16.07357416,0,3908400.483,183391.0749,12996.42827,6.727,-36.644
34,1,13,1,311.4964684,138.5035316,0,3897076.294,184872.7445,7347.622961,6.781,-37.059
35,2,13,1,74.32047588,15.67952412,0,4041750.75,185401.9122,12531.33529,6.8,-31.753
35,2,13,1,300.9637565,149.0362435,0,4030955.728,185719.4128,6171.103098,6.812,-32.149
36,3,13,2,77.27564431,12.72435569,0,4199442.732,181909.4052,6726.885354,6.672,-25.969
36,3,13,2,289.2306724,160.7693276,0,4189282.711,183391.0749,9639.571194,6.727,-26.342
37,4,13,1,75.57922687,14.42077313,0,4286861.24,172384.3862,7649.356955,6.323,-22.763
37,4,13,1,302.2756443,147.7243557,0,4279241.225,173760.2223,4756.62625,6.373,-23.042
38,13,13,2,90,0,0,-4296334.574,-56095.68537,7143.764288,-2.058,22.415
38,13,13,2,307.8749837,142.1250163,0,-4303795.839,-53952.55608,5430.096322,-1.979,22.141
39,14,13,2,106.6069806,343.3930194,0,-4135361.752,-121262.6907,9442.641833,-4.448,28.319
39,14,13,2,318.8140748,131.1859252,0,-4144410.52,-115785.8047,8437.695114,-4.247,27.987
40,5,13,1,82.69424047,7.305759533,0,4362625.711,162821.0025,12483.87303,5.972,-19.984
40,5,13,1,321.1155036,128.8844964,0,4353021.317,165281.6324,6322.170356,6.062,-20.336
41,6,13,1,70.40771811,19.59228189,0,4446842.754,153057.8579,9941.877262,5.614,-16.895
41,6,13,1,307.0928373,142.9071627,0,4437317.735,154486.6108,8159.82809,5.666,-17.244
42,7,13,1,56.59217541,33.40782459,0,4571779.254,142262.8364,8938.079921,5.218,-12.312
42,7,13,1,301.3902681,148.6097319,0,4561619.234,143294.7134,10972.1623,5.256,-12.685
43,8,13,1,71.86191784,18.13808216,0,4701716.389,140516.5829,9688.972898,5.154,-7.546
43,8,13,1,303.2065703,146.7934297,0,4691159.493,142183.4612,10435.34317,5.215,-7.933
44,9,13,1,83.65980825,6.340191746,0,4868324.847,116386.5346,10062.81686,4.269,-1.435
44,9,13,1,317.9356734,132.0643266,0,4859117.329,120514.0429,8767.272842,4.42,-1.773
45,10,13,1,89.42127443,0.578725566,0,-4741629.215,43996.38982,15717.08318,1.614,6.082
45,10,13,1,331.3268535,118.6731465,0,-4753694.239,50108.27704,11580.07126,1.838,5.64
46,11,13,1,79.79602628,10.20397372,0,-4644712.146,24311.35045,8065.078611,0.892,9.637
46,11,13,1,297.897271,152.102729,0,-4654316.54,26533.85489,9160.869981,0.973,9.285
47,12,13,1,72.1496817,17.8503183,0,-4523030.027,-17281.23274,9839.958863,-0.634,14.1
47,12,13,1,316.397181,133.602819,0,-4532634.422,-14820.60282,9207.518415,-0.544,13.748
48,1,14,1,85.42607874,4.57392126,0,3844345.612,-156419.2714,6635.729513,-5.737,-38.994
48,1,14,1,227.1210964,222.8789036,0,3839186.226,-158403.6504,5054.867595,-5.81,-39.183
49,2,14,1,108.4349488,341.5650512,0,3879799.849,-142264.0348,4183.438188,-5.218,-37.693
49,2,14,1,230.1944289,219.8055711,0,3875434.216,-143586.9541,6199.398079,-5.267,-37.853
50,3,14,1,91.78991061,358.2100894,0,3928350.988,-106545.2133,8470.816714,-3.908,-35.912
50,3,14,1,211.6075022,238.3924978,0,3922000.975,-109852.5116,8077.39476,-4.029,-36.145
51,4,14,1,72.80145878,17.19854122,0,3969427.633,-86800.64261,8724.499911,-3.184,-34.406
51,4,14,1,213.6900675,236.3099325,0,3963276.058,-91067.05739,7154.780122,-3.34,-34.631
52,5,14,1,98.13010235,351.8698976,0,4003360.513,-67452.94766,5612.671301,-2.474,-33.161
52,5,14,1,233.1301024,216.8698976,0,3997804.252,-69139.66979,6945.326391,-2.536,-33.365
53,6,14,1,84.40066066,5.599339337,0,4062395.787,-15958.31343,10168.85317,-0.585,-30.996
53,6,14,1,202.5205656,247.4794344,0,4054061.396,-21911.45033,8807.602958,-0.804,-31.301
54,7,14,1,66.27960443,23.72039557,0,4140084.224,86832.51716,14305.43189,3.185,-28.146
54,7,14,1,180,270,0,4131749.832,77109.06021,9723.456947,2.828,-28.452
55,1,15,1,81.72410717,8.275892827,0,3782800.374,-197601.7496,8823.147848,-7.248,-41.251
55,1,15,1,217.4505782,232.5494218,0,3773037.229,-203713.6369,9398.50147,-7.472,-41.609
56,1,16,1,146.0702026,303.9297974,0,3784520.61,-65369.68048,7015.415045,-2.398,-41.188
56,1,16,1,266.8636416,183.1363584,0,3777323.929,-62035.92381,7737.438289,-2.275,-41.452
57,2,16,1,143.5691419,306.4308581,0,3943747.178,-96431.82593,11049.34649,-3.537,-35.348
57,2,16,1,259.4608163,190.5391837,0,3934327.993,-92939.31895,9257.864588,-3.409,-35.693
58,3,16,1,149.5804204,300.4195796,0,4088209.967,-154799.026,13377.37683,-5.678,-30.049
58,3,16,1,253.0091767,196.9908233,0,4077944.113,-149877.7662,7967.797064,-5.497,-30.425
59,1,17,1,152.730528,297.269472,0,3961818.256,-188123.3635,11549.4417,-6.9,-34.685
59,1,17,1,261.098284,188.901716,0,3953192.822,-183360.854,8891.277614,-6.725,-35.001
60,1,18,1,145.713123,304.286877,0,3836118.873,-212686.6678,10567.63316,-7.801,-39.295
60,1,18,1,239.7435628,210.2564372,0,3826990.729,-210801.5078,8270.362103,-7.732,-39.63
61,2,18,1,152.102729,297.897271,0,3958058.96,-236399.9965,11451.08748,-8.671,-34.823
61,2,18,1,255.9637565,194.0362435,0,3947640.971,-232133.5817,11454.52573,-8.514,-35.205
62,3,18,1,131.1859252,318.8140748,0,4129211.646,-255251.5967,10547.11889,-9.362,-28.545
62,3,18,1,252.2553284,197.7446716,0,4115817.088,-254557.0641,15626.27566,-9.337,-29.036
63,1,19,3,108.4349488,341.5650512,0,4070742.581,-284773.8641,5522.138408,-10.445,-30.69
63,1,19,3,252.9430344,197.0569656,0,4057963.181,-286043.8666,14612.79211,-10.492,-31.158
64,2,19,3,119.1342922,330.8657078,0,4139640.219,-275328.2202,11086.41114,-10.099,-28.162
64,2,19,3,251.5650512,198.4349488,0,4129083.323,-273740.717,6024.150991,-10.041,-28.55
65,3,19,3,101.1291893,348.8708107,0,4185995.312,-278979.4775,9869.368201,-10.233,-26.462
65,3,19,3,250.2531634,199.7468366,0,4175676.541,-279773.2291,6578.089076,-10.262,-26.841
66,4,19,3,92.86240523,357.1375948,0,4250368.566,-257310.0591,9536.917892,-9.438,-24.101
66,4,19,3,223.0908476,226.9091524,0,4241081.672,-260326.3152,6738.946303,-9.548,-24.442
67,1,20,1,115.4633451,334.5366549,0,4322652.877,-104631.9413,7384.876397,-3.838,-21.45
67,1,20,1,254.0546041,195.9453959,0,4315191.612,-103996.94,4622.879025,-3.814,-21.723
68,1,21,1,121.5347919,328.4652081,0,4476640.685,-87407.53184,8195.268922,-3.206,-15.802
68,1,21,1,244.093492,205.906508,0,4468465.044,-86931.28089,6176.99913,-3.189,-16.102
69,1,22,1,84.42136374,5.578636255,0,4306387.584,-52112.04459,22862.49544,-1.911,-22.046
69,1,22,1,202.6198649,247.3801351,0,4291041.72,-61478.31332,15134.19694,-2.255,-22.609
70,2,22,3,90,0,0,4484558.357,-12794.88262,8678.35069,-0.469,-15.511
70,2,22,3,239.0362435,210.9637565,0,4474715.837,-15969.88897,7405.323717,-0.586,-15.872
71,1,23,1,67.24902366,22.75097634,0,4156178.034,33271.81368,5336.466953,1.22,-27.556
71,1,23,1,301.3286929,148.6713071,0,4149986.771,33192.43852,4274.483115,1.217,-27.783
72,2,23,1,73.85566122,16.14433878,0,4266271.379,31684.31051,6280.175402,1.162,-23.518
72,2,23,1,303.2317111,146.7682889,0,4258889.489,32478.06209,5503.853132,1.191,-23.789
73,3,23,1,80.07375449,9.926245507,0,4380889.108,19778.03669,6446.514003,0.725,-19.314
73,3,23,1,310.2363583,139.7636417,0,4373745.344,21286.16471,5406.840985,0.781,-19.576
74,4,23,1,84.09385889,5.906141114,0,4502650.601,4141.13042,9256.654646,0.152,-14.848
74,4,23,1,311.8201699,138.1798301,0,4494951.211,5331.757801,4047.354834,0.196,-15.13
75,5,23,1,86.42366562,3.576334375,0,4613458.323,-14353.28157,7634.883577,-0.526,-10.783
75,5,23,1,322.431408,127.568592,0,4606314.559,-11733.90133,5207.397596,-0.43,-11.045
76,6,23,1,78.366366,11.633634,0,4734426.065,-32609.56808,5510.717221,-1.196,-6.346
76,6,23,1,310.4622275,139.5377725,0,4726806.05,-31339.56554,7094.203382,-1.15,-6.626
77,7,23,1,90,0,0,4891350.754,-64597.75706,9366.268733,-2.369,-0.591
77,7,23,1,338.5522637,111.4477363,0,4884206.99,-61422.75071,4775.720395,-2.253,-0.853
78,8,23,1,90,0,0,-4735033.966,-131431.6407,7937.515875,-4.821,6.324
78,8,23,1,334.5366549,115.4633451,0,-4743130.232,-125796.0045,11077.3146,-4.614,6.027
79,9,23,1,96.51980175,353.4801982,0,-4527071.05,-216998.0619,11184.85837,-7.959,13.952
79,9,23,1,331.5257964,118.4742036,0,-4537231.07,-210727.4243,10655.20967,-7.729,13.579
80,10,23,1,106.6069806,343.3930194,0,-4319028.759,-307406.3677,9442.641833,-11.275,21.583
80,10,23,1,337.6198649,112.3801351,0,-4327125.025,-300897.6047,8755.76723,-11.037,21.286
81,11,23,1,103.5704344,346.4295656,0,-4145197.161,-365350.2336,4735.977232,-13.401,27.959
81,11,23,1,340.974394,109.025606,0,-4150515.297,-360905.2247,4869.780813,-13.238,27.764
82,1,24,1,120.1413856,329.8586144,0,4377237.851,-366435.0274,9484.510376,-13.44,-19.448
82,1,24,1,232.8152935,217.1847065,0,4363744.074,-366699.6113,9630.99797,-13.45,-19.943
83,2,24,3,83.41805534,6.581944655,0,4545645.479,-268538.9983,13849.64475,-9.85,-13.271
83,2,24,3,226.0416267,223.9583733,0,4516805.838,-281371.3156,10291.59805,-10.32,-14.328
84,3,24,1,75.67728002,14.32271998,0,4730721.891,-140744.9927,12834.36292,-5.162,-6.482
84,3,24,1,195.524111,254.475889,0,4720932.288,-147888.757,4942.834458,-5.424,-6.841
85,4,24,1,107.7446716,342.2553284,0,-4848699.193,-3425.968048,6945.011403,-0.126,2.155
85,4,24,1,225.881404,224.118596,0,-4860076.299,-7394.725986,12162.22688,-0.271,1.738
86,1,25,3,110.3764352,339.6235648,0,4789757.165,-301909.6379,7408.938715,-11.074,-4.317
86,1,25,3,255.5792269,194.4207731,0,4779636.833,-302504.9516,7171.272146,-11.096,-4.688
87,1,26,1,59.74356284,30.25643716,0,-4851900.658,-159490.7593,5513.574735,-5.85,2.038
87,1,26,1,315,135,0,-4857919.941,-159226.1755,5051.404171,-5.84,1.817
88,2,26,1,88.91907581,1.080924187,0,-4703402.965,-176953.2943,7012.720282,-6.49,7.484
88,2,26,1,326.3099325,123.6900675,0,-4709951.416,-173976.7258,5723.824097,-6.381,7.244
89,3,26,1,91.06091169,358.9390883,0,-4540353.16,-228414.8555,7144.989108,-8.378,13.465
89,3,26,1,318.2892427,131.7107573,0,-4548224.53,-224776.8274,8151.802611,-8.245,13.176
90,4,26,1,90,0,0,-4362486.658,-325186.4032,4101.049869,-11.927,19.989
90,4,26,1,337.5572466,112.4427534,0,-4367513.751,-321614.5211,6584.099112,-11.796,19.804
91,1,27,1,106.5348379,343.4651621,0,-4788466.677,-182112.6796,8831.910788,-6.68,4.364
91,1,27,1,329.5344551,120.4655449,0,-4795345.857,-177284.0241,5218.40946,-6.503,4.112
92,2,27,3,103.0693179,346.9306821,0,-4632432.754,-284551.6136,9126.417546,-10.437,10.087
92,2,27,3,344.9315118,105.0684882,0,-4639417.768,-277804.7251,8548.966229,-10.19,9.831
93,1,28,3,109.1481375,340.8518625,0,4344493.944,-464596.5223,15124.30071,-17.041,-20.649
93,1,28,3,249.145542,200.854458,0,4329412.664,-464695.7413,8918.674218,-17.045,-21.202
94,3,28,1,264.8055711,185.1944289,0,4732737.689,-596359.2859,6575.454631,-21.874,-6.408
94,3,28,1,117.3498758,332.6501242,0,4741865.833,-597351.4753,6478.928958,-21.91,-6.073
95,2,28,1,266.4236656,183.5763344,0,4666558.651,-585048.3257,9543.604471,-21.459,-8.836
95,2,28,1,129.9363831,320.0636169,0,4678365.706,-587925.6752,11128.4567,-21.564,-8.403
96,1,29,1,144.1178628,305.8821372,0,3543124.546,-764722.817,19185.18094,-28.049,-50.042
96,1,29,1,261.702855,188.297145,0,3525926.595,-757116.031,16042.95365,-27.77,-50.673
97,2,29,1,127.568592,322.431408,0,3783399.766,-843271.1512,16273.11749,-30.93,-41.229
97,2,29,1,256.2637317,193.7362683,0,3763886.706,-839798.488,15321.03921,-30.803,-41.945
98,3,29,1,124.6409475,325.3590525,0,4060220.632,-900818.1413,22109.48072,-33.041,-31.075
98,3,29,1,254.4071891,195.5928109,0,4039053.923,-897180.1132,14764.78117,-32.908,-31.852
99,4,29,1,147.3807569,302.6192431,0,4273706.736,-937694.5171,9816.605071,-34.394,-23.245
99,4,29,1,255.4655449,194.5344551,0,4257170.245,-935214.0434,18449.86358,-34.303,-23.852
100,1,30,3,71.87813975,18.12186025,0,3743149.946,-1062664.09,22967.41856,-38.977,-42.705
100,1,30,3,284.8586144,165.1413856,0,3684809.205,-1063656.279,20119.68481,-39.014,-44.845
101,2,30,3,76.9306821,13.0693179,0,4004889.532,-1058100.018,22816.04387,-38.81,-33.105
101,2,30,3,281.496563,168.503437,0,3965797.267,-1059885.959,23895.08703,-38.875,-34.539
102,1,31,3,92.24574257,357.7542574,0,4419770.258,-1011043.778,20256.22326,-37.084,-17.888
102,1,31,3,257.6919842,192.3080158,0,4391592.076,-1013028.157,22341.67505,-37.157,-18.921
103,1,32,1,20.07152586,69.92847414,0,4532390.379,-927964.4456,11718.40702,-34.037,-13.757
103,1,32,1,254.8989018,195.1010982,0,4520748.689,-936960.2969,13811.98722,-34.367,-14.184
104,1,33,1,99.92624551,350.0737545,0,4629975.963,-958860.7852,8595.352004,-35.17,-10.177
104,1,33,1,225.7638985,224.2361015,0,4617910.939,-962882.4599,11226.34037,-35.317,-10.62
105,2,33,1,80.53767779,9.462322208,0,4879743.129,-744547.8565,10300.16515,-27.309,-1.016
105,2,33,1,205.0168935,244.9831065,0,4870853.111,-750262.868,7007.427549,-27.519,-1.342
106,3,33,2,81.46923439,8.53076561,0,-4833557.389,-653319.3408,8561.403952,-23.963,2.71
106,3,33,2,211.2637317,238.7362683,0,-4841706.572,-657976.0167,6933.51086,-24.134,2.411
107,4,33,2,72.29957221,17.70042779,0,-4829853.215,-657235.1819,10442.71982,-24.107,2.846
107,4,33,2,226.9091524,223.0908476,0,-4841283.238,-663585.1946,8985.261738,-24.34,2.427
108,5,33,1,75.32360686,14.67639314,0,-4711637.145,-563889.9952,9189.862563,-20.683,7.182
108,5,33,1,205.1148349,244.8851651,0,-4721267.998,-570980.8427,7480.567711,-20.943,6.829
109,6,33,1,83.51692631,6.483073693,0,-4579133.547,-466099.7996,9373.291773,-17.096,12.042
109,6,33,1,219.4006607,230.5993393,0,-4588764.4,-471497.3104,7669.829368,-17.294,11.689
110,1,34,1,72.55281158,17.44718842,0,4728835.077,-1125803.501,9707.019054,-41.293,-6.551
110,1,34,1,201.8014095,248.1985905,0,4720236.102,-1134005.601,7124.138524,-41.594,-6.867
111,2,34,1,85.31410016,4.68589984,0,4802653.975,-1067859.635,16193.74285,-39.168,-3.844
111,2,34,1,216.573031,233.426969,0,4787308.111,-1074474.232,10213.07418,-39.411,-4.407
112,3,34,1,51.95295747,38.04704253,0,-4862624.572,-890191.5714,15454.95922,-32.651,1.644
112,3,34,1,174.9203921,275.0796079,0,-4870297.504,-904875.9758,11953.2184,-33.19,1.363
113,4,34,1,86.72951208,3.270487923,0,-4733639.939,-784887.1942,9275.541943,-28.789,6.375
113,4,34,1,197.3540246,252.6459754,0,-4742768.083,-790972.623,8870.467474,-29.012,6.04
114,5,34,1,111.8014095,338.1985905,0,-4676357.533,-769805.914,8548.966229,-28.236,8.476
114,5,34,1,230.7105931,219.2894069,0,-4686411.72,-771128.8333,7520.886464,-28.284,8.107
115,6,34,1,52.22431569,37.77568431,0,-4516019.713,-602721.2048,13389.6166,-22.107,14.357
115,6,34,1,181.4688007,268.5311993,0,-4522502.017,-615156.6464,10322.16218,-22.563,14.119
116,1,35,2,105.2551187,344.7448813,0,-4572748.257,-695413.3104,9653.504573,-25.507,12.277
116,1,35,2,242.7004278,207.2995722,0,-4584284.113,-696894.98,7384.118001,-25.561,11.853
117,2,35,2,108.82471,341.17529,0,-4409764.597,-668849.0906,9839.674286,-24.533,18.255
117,2,35,2,232.1250163,217.8749837,0,-4419818.784,-669907.426,7240.12843,-24.571,17.886
118,1,36,1,105.9453959,344.0546041,0,4894198.227,278352.3177,9245.758051,10.21,-0.486
118,1,36,1,227.2025982,222.7974018,0,4884779.042,276764.8146,7788.658663,10.151,-0.832
119,1,37,1,53.61564818,36.38435182,0,2839056.029,727862.9368,9991.045399,26.697,-75.866
119,1,37,1,284.349332,165.650668,0,2830483.512,726063.7665,9394.776489,26.631,-76.181
120,1,38,1,313.5855768,136.4144232,0,2468318.916,1770815.04,37897.07823,64.952,-89.465
120,1,38,1,234.2933086,215.7066914,0,2476091.067,1750309.791,13033.44108,64.199,-89.18
121,1,39,1,210.379126,239.620874,0,2628226.788,1760066.321,22235.27897,64.557,-83.599
121,1,39,1,315.5256346,134.4743654,0,2625250.22,1782390.584,25491.95489,65.376,-83.709
122,2,39,1,224.3097228,225.6902772,0,2713058.989,1592717.028,19411.897,58.419,-80.488
122,2,39,1,306.0760116,143.9239884,0,2708263.406,1614379.831,28643.9527,59.214,-80.664
123,3,39,1,207.5820292,242.4179708,0,2782842.983,1429832.587,25000.20001,52.445,-77.928
123,3,39,1,306.7592882,143.2407118,0,2773582.547,1454471.959,34263.67404,53.348,-78.268
124,4,39,1,193.5704344,256.4295656,0,2854942.085,1274058.838,9866.619234,46.731,-75.284
124,4,39,1,306.326826,143.673174,0,2848162.124,1286957.302,13957.42571,47.204,-75.532
125,1,40,1,87.45519562,2.54480438,0,2687431.837,-1248514.575,9534.421835,-45.794,-81.428
125,1,40,1,211.5042667,238.4957333,0,2678118.485,-1252642.083,7696.07102,-45.946,-81.769
126,1,41,1,117.5528116,332.4471884,0,2414925.893,-1362418.203,5147.924249,-49.972,-91.423
126,1,41,1,7.00E-15,90,0,2411453.229,-1357358.037,4167.195834,-49.786,-91.55
127,2,41,1,125.1341931,324.8658069,0,2472076.007,-1408158.139,6551.456542,-51.65,-89.327
127,2,41,1,7.00E-15,90,0,2468603.344,-1402105.783,3968.757938,-51.428,-89.454
128,1,42,1,32.82854179,57.17145821,0,2056646.27,-1613243.705,9760.957342,-59.172,-104.564
128,1,42,1,256.4295656,193.5704344,0,2047782.71,-1620387.469,7893.295387,-59.434,-104.89
129,1,43,1,122.9052429,327.0947571,0,1033930.422,-931311.8724,16072.24468,-34.16,-142.077
129,1,43,1,7.943471811,82.05652819,0,1026389.782,-913650.8996,17230.99231,-33.512,-142.353
130,1,44,1,32.90524292,57.09475708,0,967574.9945,-1788916.365,26787.07446,-65.616,-144.51
130,1,44,1,145.7842979,304.2157021,0,1004947.465,-1471085.001,19997.53468,-53.958,-143.14
131,2,44,1,76.86597769,13.13402231,0,1015861.549,-1456532.888,20376.82272,-53.424,-142.739
131,2,44,1,132.5104471,317.4895529,0,1001309.437,-1561043.514,10767.78308,-57.257,-143.273
132,3,44,1,29.98163937,60.01836063,0,1002301.626,-1540207.535,19854.81095,-56.493,-143.237
132,3,44,1,138.0127875,311.9872125,0,980142.7279,-1710202.666,17798.05908,-62.728,-144.049
133,4,44,1,31.26373169,58.73626831,0,982457.8367,-1686390.119,21667.22144,-61.855,-143.965
133,4,44,1,154.8851651,295.1148349,0,966582.805,-1820004.969,23376.7741,-66.756,-144.547
134,1,45,1,9.637538113,80.36246189,0,884998.371,-1222243.878,21335.53476,-44.831,-147.539
134,1,45,1,257.6609127,192.3390873,0,867337.3981,-1239111.099,26000.66573,-45.449,-148.187
135,1,46,1,49.08561678,40.91438322,0,740919.2286,-1397861.417,21007.35886,-51.272,-152.824
135,1,46,1,268.72697,181.27303,0,715783.7617,-1408180.187,23818.42654,-51.651,-153.746
136,2,46,1,21.50143432,68.49856568,0,903373.7202,-1311077.91,37537.35469,-48.089,-146.865
136,2,46,1,266.0995063,183.9004937,0,879032.0049,-1332509.203,23337.43658,-48.875,-147.758
137,1,47,2,91.90915243,358.0908476,0,519197.9519,-1799182.219,31767.69753,-65.992,-160.956
137,1,47,2,250.3461759,199.6538241,0,481627.0434,-1806061.4,31466.57512,-66.244,-162.334
138,2,47,2,88.05851361,1.941486391,0,879825.7565,-1728802.912,31238.82851,-63.411,-147.729
138,2,47,2,239.0362435,210.9637565,0,842784.0157,-1739121.682,27769.96394,-63.789,-149.088
139,1,48,1,229.3987054,220.6012946,0,547971.4469,921533.6388,14636.0561,33.801,-159.901
139,1,48,1,347.4711923,102.5288077,0,551543.3291,938599.2979,14636.0561,34.427,-159.77
140,2,48,1,225,225,0,489630.7052,727461.3757,15715.47964,26.683,-162.041
140,2,48,1,341.9958384,108.0041616,0,494591.6527,746114.538,16692.39018,27.367,-161.859
141,1,49,1,154.8851651,295.1148349,0,246015.1138,1558386.996,18701.41928,57.16,-170.976
141,1,49,1,62.52556837,27.47443163,0,250777.6234,1575584.947,14910.89112,57.791,-170.802
142,2,49,1,157.3801351,292.6198649,0,177223.3096,1449378.445,20637.54128,53.162,-173.5
142,2,49,1,64.02560604,25.97439396,0,184631.6577,1470280.57,22956.36691,53.928,-173.228
143,1,50,1,59.74356284,30.25643716,0,94891.3618,-1756535.71,16540.72421,-64.428,-176.519
143,1,50,1,290.5560452,159.4439548,0,76635.07528,-1762091.971,10172.7248,-64.632,-177.189
144,2,50,1,61.52579639,28.47420361,0,288368.3113,-1710696.556,26638.02418,-62.747,-169.423
144,2,50,1,271.2188752,178.7811248,0,259793.2541,-1716848.131,18657.38391,-62.972,-170.471
145,3,50,2,57.06130946,32.93869054,0,614203.3379,-1601555.713,33575.31685,-58.743,-157.472
145,3,50,2,263.7965521,186.2034479,0,582651.7123,-1614851.052,18363.81652,-59.231,-158.629
146,4,50,2,54.32359178,35.67640822,0,723344.1812,-1551946.239,19054.17177,-56.924,-153.469
146,4,50,2,257.1957339,192.8042661,0,701317.5746,-1561074.382,17907.85206,-57.259,-154.276
146,4,51,2,283.6713071,166.3286929,0,-382317.3843,-1672312.493,8060.042657,-61.339,165.977
147,3,51,1,290.806791,159.193209,0,-392159.904,-1674429.164,11321.7163,-61.416,165.616
147,3,51,1,76.14858099,13.85141901,0,-375755.7045,-1675381.666,15914.49389,-61.451,166.218
148,2,51,1,294.362453,155.637547,0,-684789.6559,-1686811.689,12314.95065,-61.87,154.883
148,2,51,1,78.84534026,11.15465974,0,-668914.6241,-1688928.36,15317.73762,-61.948,155.465
149,1,51,2,301.6075022,148.3924978,0,-689022.9977,-1690410.03,9692.873713,-62.002,154.727
149,1,52,1,64.093492,25.906508,0,-785728.3994,-1697368.585,10294.99855,-62.258,151.18
149,1,52,1,283.7362683,166.2637317,0,-799486.7603,-1698956.088,12256.83137,-62.316,150.676
150,1,53,1,53.67317405,36.32682595,0,-406115.6003,-530135.9295,5582.970284,-19.445,165.104
150,1,53,1,295.974394,154.025606,0,-412267.1751,-530797.3891,5739.091727,-19.469,164.878
151,2,53,1,42.13759477,47.86240523,0,-372844.1796,-515848.4009,3746.455174,-18.921,166.324
151,2,53,1,258.6900675,191.3099325,0,-377077.5214,-518494.2395,3372.795695,-19.018,166.169
152,1,54,1,77.12499844,12.87500156,0,-462405.817,-504537.4408,4749.630395,-18.506,163.039
152,1,54,1,336.037511,113.962489,0,-467102.1806,-501891.6021,5211.697677,-18.409,162.867
153,1,55,1,46.16913933,43.83086067,0,-350427.3118,-453966.6452,2292.318,-16.651,167.147
153,1,55,1,298.2173559,151.7826441,0,-353337.7343,-454098.9371,3077.742709,-16.656,167.04
154,1,56,1,198.8689995,251.1310005,0,-361592.7508,-378957.1202,6626.756244,-13.9,166.737
154,1,56,1,320.4923246,129.5076754,0,-362704.003,-372130.8565,5864.100066,-13.649,166.696
155,1,57,1,96.88172363,353.1182764,0,-610814.2128,-190190.5903,11592.91789,-6.976,157.596
155,1,57,1,215.3112134,234.6887866,0,-620835.3266,-193266.3777,5836.233637,-7.089,157.228
156,2,57,1,93.36646066,356.6335393,0,-536796.8773,-167866.3269,20275.65369,-6.157,160.311
156,2,57,1,221.308614,228.691386,0,-552175.8143,-172529.6175,8717.727107,-6.328,159.747
157,3,57,1,94.45560283,355.5443972,0,-454941.2448,-147030.3477,15326.03594,-5.393,163.313
157,3,57,1,204.3410899,245.6589101,0,-468435.0218,-152785.0467,9147.535061,-5.604,162.818
158,1,58,1,97.00126756,352.9987324,0,180584.232,44867.36682,15194.57922,1.646,-173.376
158,1,58,1,225,225,0,168545.6662,42089.23626,5238.493214,1.544,-173.818
159,2,58,2,97.94347181,352.0565282,0,345155.3944,84951.82199,11487.3282,3.116,-167.34
159,2,58,2,239.0362435,210.9637565,0,333249.1206,83232.02688,7713.878872,3.053,-167.777
160,3,58,2,93.94518623,356.0548138,0,494380.6929,108764.3696,7691.15753,3.989,-161.867
160,3,58,2,241.1892063,208.8107937,0,485252.5496,106779.9906,6039.238957,3.917,-162.201
161,1,59,1,121.6075022,328.3924978,0,-1298852.31,-14394.1267,7269.655284,-0.528,132.359
161,1,59,1,240.9453959,209.0546041,0,-1307186.702,-13759.12543,6537.738215,-0.505,132.054
162,2,59,1,117.9794744,332.0205256,0,-1153833.895,1719.030523,5752.372026,0.063,137.679
162,2,59,1,231.7661748,218.2338252,0,-1160580.784,1004.654094,6669.402952,0.037,137.431
163,3,59,1,121.2637317,328.7362683,0,-1046042.43,-820.9745568,5200.133145,-0.03,141.632
163,3,59,1,247.2855876,202.7144124,0,-1053583.07,-1059.100033,7400.217184,-0.039,141.356
164,4,59,1,112.6198649,337.3801351,0,-971747.281,-8440.989797,6191.262383,-0.31,144.357
164,4,59,1,234.6887866,215.3112134,0,-978891.0453,-8917.240749,4668.986909,-0.327,144.095
165,5,59,2,124.9024956,325.0975044,0,-894356.5012,-9790.367496,8323.42312,-0.359,147.196
165,5,59,2,239.0362435,210.9637565,0,-902452.7674,-9234.741384,6479.658252,-0.339,146.899
166,6,59,1,153.9704078,296.0295922,0,-815140.0928,-22728.51837,7596.828876,-0.834,150.102
166,6,59,1,270,180,0,-823077.6087,-18839.13559,9366.268733,-0.691,149.81
167,7,59,1,143.426969,306.573031,0,-721001.1545,-48128.56917,6127.844509,-1.765,153.554
167,7,59,1,266.7602997,183.2397003,0,-728938.6704,-45747.31441,8427.234849,-1.678,153.263
168,8,59,1,118.2173559,331.7826441,0,-554472.0715,-79005.50593,7386.582502,-2.898,159.663
168,8,59,1,242.7838884,207.2161116,0,-562409.5874,-79005.50593,6247.989794,-2.898,159.371
169,9,59,1,95.71059314,354.2894069,0,-377544.8426,-50192.3233,7977.104728,-1.841,166.152
169,9,59,1,231.5198018,218.4801982,0,-387149.2368,-52891.0787,7908.889197,-1.94,165.8
170,10,59,1,109.3589942,340.6410058,0,-205697.6239,-14156.00123,6225.765669,-0.519,172.455
170,10,59,1,218.9275436,231.0724564,0,-212523.8876,-16934.13178,5305.681663,-0.621,172.205
171,11,59,1,121.8659777,328.1340223,0,-20118.50277,23150.32339,6916.122971,0.849,179.262
171,11,59,1,229.2678933,220.7321067,0,-29405.39635,21880.32085,7541.893269,0.803,178.921
172,1,60,1,99.46232221,350.5376778,0,-874069.5336,-512747.7536,5150.082576,-18.807,147.94
172,1,60,1,216.4692344,233.5307656,0,-880948.714,-515605.2593,6053.826791,-18.912,147.688
173,2,60,1,105.4221613,344.5778387,0,-822740.2643,-491792.7117,6367.627194,-18.038,149.823
173,2,60,1,233.1301024,216.8698976,0,-830889.4472,-494226.8832,7408.34815,-18.128,149.524
174,3,60,3,79.9920202,10.0079798,0,-775538.5032,-463535.1552,3653.940501,-17.002,151.554
174,3,60,3,213.6900675,236.3099325,0,-780936.014,-467874.3305,4579.059278,-17.161,151.356
175,4,60,3,78.99645915,11.00354085,0,-755535.9632,-446178.4538,7762.730006,-16.365,152.288
175,4,60,3,208.8107937,241.1892063,0,-763050.1449,-450729.2962,4831.391165,-16.532,152.012
176,1,61,1,184.3987054,265.6012946,0,-1090516.772,-425410.3845,8279.403613,-15.604,140.001
176,1,61,1,312.4362298,137.5637702,0,-1093929.904,-416837.8674,7528.515177,-15.289,139.876
177,1,62,1,25.20112365,64.79887635,0,-1100458.511,-156398.0496,4473.971511,-5.737,139.636
177,1,62,1,270.8425243,179.1574757,0,-1104903.52,-159096.805,5398.094404,-5.835,139.473
178,1,63,1,46.33221985,43.66778015,0,-1326349.85,-260080.0868,8047.004025,-9.539,131.351
178,1,63,1,281.8214883,168.1785117,0,-1333824.344,-262659.7795,5811.818071,-9.634,131.077
179,1,64,1,250.5599652,199.4400348,0,-1211176.494,145844.475,15263.53093,5.349,135.575
179,1,64,1,8.130102354,81.86989765,0,-1201545.642,155475.3276,10476.98643,5.703,135.929
180,2,64,1,214.508523,235.491477,0,-1266633.272,-2745.822156,8219.662958,-0.101,133.541
180,2,64,1,345.6186054,104.3813946,0,-1265363.269,8790.034249,8522.065083,0.322,133.588
181,3,64,1,202.543061,247.456939,0,-1275523.29,-44126.73825,12146.44546,-1.619,133.215
181,3,64,1,336.8014095,113.1985905,0,-1275417.456,-33331.71666,11284.05972,-1.223,133.219
182,4,64,1,178.3153157,271.6846843,0,-1271289.948,-136942.7572,14399.58628,-5.023,133.37
182,4,64,1,328.0918931,121.9081069,0,-1275629.123,-121808.5603,13215.21571,-4.468,133.211
183,1,65,1,145.3758449,304.6241551,0,-1375483.073,459779.8425,20256.22326,16.864,129.549
183,1,65,1,271.6846843,178.3153157,0,-1388460.911,469569.4454,8999.741423,17.223,129.073
184,2,65,1,120.4257838,329.5742162,0,-1195976.151,372467.1679,19330.92505,13.662,136.133
184,2,65,1,251.5650512,198.4349488,0,-1209469.928,375642.1742,10876.93929,13.778,135.638
185,3,65,1,117.5120026,332.4879974,0,-1064345.68,334102.5078,14319.34122,12.255,140.961
185,3,65,1,245.2248594,204.7751406,0,-1076781.121,335557.719,7576.528799,12.308,140.505
186,4,65,1,114.0874523,335.9125477,0,-897790.1383,309628.5005,24634.73266,11.357,147.07
186,4,65,1,223.7811248,226.2188752,0,-914988.0894,310157.6682,8795.175122,11.376,146.439
187,5,65,1,119.2488263,330.7511737,0,-756237.7719,292695.1333,22743.44168,10.736,152.262
187,5,65,1,237.0947571,212.9052429,0,-774361.7665,295076.3881,10714.82978,10.823,151.597
188,6,65,1,115.4633451,334.5366549,0,-573145.739,256182.5603,18462.19099,9.397,158.978
188,6,65,1,236.7682889,213.2317111,0,-588491.6031,257373.1877,9173.088553,9.44,158.415
189,1,66,1,90,0,0,-461910.2735,603896.4675,17065.65913,22.15,163.058
189,1,66,1,319.9697407,130.0302593,0,-474610.2989,608857.4149,12957.85792,22.332,162.592
190,1,67,1,88.09084757,1.909152433,0,-931612.7754,838648.4995,11912.88657,30.761,145.829
190,1,67,1,322.6960517,127.3039483,0,-940740.9187,842617.2575,10477.82161,30.906,145.495
191,2,67,1,75.06858282,14.93141718,0,-840529.7807,802731.2402,18483.50746,29.443,149.17
191,2,67,1,318.5763344,131.4236656,0,-856801.6883,804120.3055,8997.796584,29.494,148.573
192,3,67,1,90,0,0,-695074.8023,729706.0941,15875.03175,26.765,154.505
192,3,67,1,332.6501242,117.3498758,0,-709957.6446,737842.0479,12957.85792,27.063,153.96
193,1,68,1,151.0323394,298.9676606,0,-1297724.081,536511.3675,10161.26048,19.679,132.401
193,1,68,1,45,45,0,-1295263.451,545877.6362,9429.287786,20.022,132.491
194,2,68,2,46.93058744,43.06941256,0,-1292882.196,543258.256,9996.22904,19.926,132.578
195,1,69,1,108.4349488,341.5650512,0,-1337076.961,693600.0983,8032.201321,25.441,130.957
195,1,69,1,251.5650512,198.4349488,0,-1345490.728,694076.3493,6024.150991,25.458,130.649
196,2,69,1,115.974394,334.025606,0,-1251748.666,688123.2124,6886.910072,25.24,134.087
196,2,69,1,244.5922819,205.4077181,0,-1258019.303,688123.2124,7029.96883,25.24,133.857
197,3,69,1,112.7144124,337.2855876,0,-1141417.195,711062.6332,7400.217184,26.081,138.134
197,3,69,1,226.0416267,223.9583733,0,-1148481.584,709554.5052,6174.958832,26.026,137.875
198,4,69,1,88.89829388,1.101706115,0,-1073868.935,712094.5103,8256.542814,26.119,140.612
198,4,69,1,249.4439548,200.5560452,0,-1083235.204,710507.0071,6781.816536,26.061,140.268
199,5,69,1,101.7682889,348.2317111,0,-1037038.861,719635.1504,7783.623744,26.395,141.963
199,5,69,1,232.6960517,217.3039483,0,-1044103.25,718047.6472,4191.128646,26.337,141.703
200,1,70,1,64.39781245,25.60218755,0,-808716.2171,871281.3912,11266.17846,31.958,150.337
200,1,70,1,305.217593,144.782407,0,-820357.9071,872022.226,8809.013651,31.985,149.91
201,1,71,1,59.5742162,30.4257838,0,-1045944.754,797037.8364,11598.55503,29.234,141.636
201,1,71,1,215.5376778,234.4623222,0,-1054755.397,789020.9454,8193.731204,28.94,141.313
202,2,71,1,79.69515353,10.30484647,0,-941804.5458,858394.8342,5324.647521,31.485,145.456
202,2,71,1,232.5946434,217.4053566,0,-949186.4356,854743.5768,6794.810312,31.351,145.185
203,3,71,1,82.73675526,7.263244741,0,-803453.6441,949279.3909,16323.51635,34.819,150.53
203,3,71,1,207.2351467,242.7648533,0,-817026.7962,941738.7508,12141.02667,34.542,150.032
204,4,71,1,99.6197278,350.3802722,0,-690185.2926,997460.1123,9499.85033,36.586,154.685
204,4,71,1,216.2538377,233.7461623,0,-698916.56,993729.4798,8858.7798,36.449,154.364
205,1,72,1,64.02560604,25.97439396,0,-1092661.445,761857.0022,9182.546763,27.944,139.922
205,1,72,1,219.0938589,230.9061411,0,-1101604.379,754554.4876,10909.07212,27.676,139.594
206,1,73,2,52.04576912,37.95423088,0,-1336553.637,750466.0054,8388.810676,27.526,130.977
207,2,73,1,52.69605172,37.30394828,0,-1339464.059,751193.6111,6985.214409,27.553,130.87
207,2,73,1,289.3978124,160.6021876,0,-1348526.056,750862.8812,9957.988986,27.541,130.538
208,3,73,1,60.70863783,29.29136217,0,-1341382.292,752979.5521,6219.127971,27.618,130.8
208,3,73,1,296.5650512,153.4349488,0,-1348327.618,753244.136,5620.461272,27.628,130.545
209,4,73,1,40.15599962,49.84400038,0,-1110665.164,840226.0808,16616.73023,30.819,139.262
209,4,73,1,268.3397176,181.6602824,0,-1127400.093,832420.8569,18263.954,30.532,138.648
210,1,74,2,37.74680539,52.25319461,0,-1397870.947,749593.7606,6223.741359,27.494,128.728
210,1,74,2,292.1094483,157.8905517,0,-1405173.461,746418.7543,5483.209309,27.378,128.46
211,2,74,2,38.65980825,51.34019175,0,-1399934.701,751975.0154,5082.490028,27.582,128.652
211,2,74,2,285.1240073,164.8759927,0,-1407157.84,750784.388,6084.508476,27.538,128.387
212,3,74,1,61.03233935,28.96766065,0,-1235469.372,811665.1348,10161.26048,29.771,134.684
212,3,74,1,274.8990925,175.1009075,0,-1247851.897,808093.2526,11153.26903,29.64,134.23
213,4,74,2,43.75463573,46.24536427,0,-970911.9677,885325.2821,10329.7552,32.473,144.388
213,4,74,2,275.5275402,174.4724598,0,-984961.3708,880959.6484,9888.501081,32.313,143.873
214,5,74,2,46.66833745,43.33166255,0,-973451.9728,889849.6662,11567.00612,32.639,144.295
214,5,74,2,272.8912696,177.1087304,0,-990914.5077,883737.7789,15736.3129,32.415,143.654
215,1,75,2,92.72631099,357.273689,0,-613363.2578,904954.0974,16687.67148,33.193,157.502
215,1,75,2,305.5376778,144.4623222,0,-630693.5008,911171.8182,13656.21867,33.421,156.867
216,2,75,1,90,0,0,-494697.3955,864605.0584,15345.86403,31.713,161.855
216,2,75,1,304.8753283,145.1246717,0,-510440.1353,868441.5244,10642.71937,31.854,161.278
217,3,75,2,87.83892051,2.161079488,0,-342693.9665,830738.324,14032.92546,30.471,167.43
217,3,75,2,296.5650512,153.4349488,0,-358701.2902,833251.8707,13607.43255,30.563,166.843
218,4,75,2,85.60129464,4.398705355,0,-172566.5429,764195.4826,10349.25452,28.03,173.67
218,4,75,2,301.4295656,148.5704344,0,-193071.7923,768957.9921,16744.20808,28.205,172.918
219,1,76,1,42.18444332,47.81555668,0,-251412.5339,598927.5826,11426.22496,21.968,170.778
219,1,76,1,173.8298249,276.1701751,0,-254719.8322,585036.9298,9846.644053,21.459,170.657
220,2,76,1,54.83356396,35.16643604,0,-219530.1785,668910.0142,14240.90534,24.535,171.948
220,2,76,1,174.4278022,275.5721978,0,-227732.2782,654887.0695,10899.44222,24.021,171.647
221,3,76,1,38.65980825,51.34019175,0,-173228.0026,748549.7568,11859.1434,27.456,173.646
221,3,76,1,186.9529575,263.0470425,0,-179710.3072,734526.8121,10928.30647,26.942,173.408
222,4,76,2,58.39249775,31.60750225,0,-149680.0388,777257.1059,8077.39476,28.509,174.51
222,4,76,2,196.3895403,253.6104597,0,-155897.7596,769187.2981,4688.437989,28.213,174.282
223,1,77,1,8.84181456,81.15818544,0,-181952.6554,544429.9215,15061.82999,19.969,173.326
223,1,77,1,145.713123,304.286877,0,-180629.7361,533350.4723,8806.360964,19.563,173.375
224,2,77,2,41.05481377,48.94518623,0,-177653.1677,616529.024,13596.17411,22.614,173.484
224,2,77,2,164.9315118,285.0684882,0,-181952.6554,602142.2765,8905.173155,22.086,173.326
225,3,77,1,39.80557109,50.19442891,0,-145241.6445,728811.8007,7749.247599,26.732,174.673
225,3,77,1,173.990994,276.009006,0,-148052.8481,716244.0672,12637.16899,26.271,174.57
226,4,77,1,37.87498365,52.12501635,0,-120602.2723,802895.2822,7541.800448,29.449,175.576
226,4,77,1,175.0302593,274.9697407,0,-122586.6513,796115.3207,7635.491002,29.201,175.504
227,1,78,1,89.06080905,0.939190946,0,-97748.84119,842748.2265,20177.23023,30.911,176.415
227,1,78,1,332.8188889,117.1811111,0,-114616.0624,850024.2827,13756.1346,31.178,175.796
228,1,79,1,212.855722,237.1442781,0,106631.1683,1423489.961,30236.73827,52.212,-176.089
228,1,79,1,317.8155567,132.1844433,0,107160.336,1450477.515,22852.44992,53.202,-176.069
229,2,79,3,200.6954507,249.3045493,0,99751.98784,864953.4271,25455.11276,31.726,-176.341
229,2,79,3,3.468229259,86.53177074,0,105308.2489,894057.652,17494.5763,32.793,-176.137
230,1,80,1,60.2551187,29.7448813,0,-1338793.78,809169.227,11199.0023,29.679,130.894
230,1,80,1,274.3160275,175.6839725,0,-1351692.243,805795.7828,10547.11889,29.556,130.421
231,2,80,1,24.77514057,65.22485943,0,-1289283.525,833874.7452,8523.594899,30.586,132.71
231,2,80,1,258.6900675,191.3099325,0,-1296724.946,827326.2946,7082.870959,30.345,132.438
232,3,80,1,33.34070735,56.65929265,0,-1170915.319,881400.6215,9026.198101,32.329,137.052
232,3,80,1,263.7965521,186.2034479,0,-1179944.243,876142.0172,9181.908259,32.136,136.721
233,1,81,1,38.51692631,51.48307369,0,-1381303.146,882009.1644,13255.83635,32.351,129.335
233,1,81,1,263.0470425,186.9529575,0,-1392521.502,875024.1504,8742.645173,32.095,128.924
234,2,81,3,48.21548399,41.78451601,0,-1383208.15,886771.6739,13341.74457,32.526,129.265
234,2,81,3,254.8459319,195.1540681,0,-1396860.677,879680.8264,10526.04924,32.266,128.765
235,3,81,1,6.340191746,83.65980825,0,-1321083.859,944980.1236,11500.36213,34.661,131.544
235,3,81,1,228.691386,221.308614,0,-1327539.705,932597.5989,9298.908914,34.207,131.307
236,4,81,2,22.61986495,67.38013505,0,-1325317.201,946885.1275,11006.68868,34.731,131.389
236,4,81,2,236.6114864,213.3885136,0,-1336747.224,931115.9292,11154.27324,34.152,130.97
237,5,81,1,41.46770542,48.53229458,0,-1210805.305,1043722.821,12146.44546,38.283,135.589
237,5,81,1,267.3369992,182.6630008,0,-1222976.163,1038536.977,9111.524532,38.092,135.143
238,6,81,2,47.20259816,42.79740184,0,-1212816.143,1046051.159,7788.658663,38.368,135.515
238,6,81,2,257.7352263,192.2647737,0,-1221494.493,1042029.484,4982.051603,38.221,135.197
239,7,81,3,52.7335981,37.2664019,0,-1212286.975,1051977.838,12234.65076,38.585,135.535
239,7,81,3,252.7585406,197.2414594,0,-1232924.516,1042452.819,19281.46616,38.236,134.778
240,8,81,1,48.48327147,41.51672853,0,-866528.7833,1297194.161,17244.04899,47.58,148.217
240,8,81,1,252.2161116,197.7838884,0,-884520.4859,1286081.639,11781.32254,47.172,147.557
241,1,82,1,346.3286929,103.6713071,0,-1163409.736,1204279.585,5037.526661,44.172,137.327
241,1,82,1,238.2405199,211.7594801,0,-1167775.37,1197135.821,9802.109026,43.91,137.167
242,2,82,2,7.00E-15,90,0,-1165989.429,1202956.666,5423.969181,44.123,137.233
243,3,82,1,0.734521034,89.26547897,0,-1169098.289,1205007.191,10319.61863,44.198,137.119
243,3,82,1,239.0362435,210.9637565,0,-1173926.945,1195879.047,9256.654646,43.864,136.942
244,1,83,1,287.102729,162.897271,0,-1223992.826,1245448.834,5757.967365,45.682,135.105
244,1,83,1,185.128191,264.871809,0,-1221399.904,1239098.821,8288.192433,45.449,135.2
245,1,85,1,19.17900803,70.82099197,0,-1073762.109,1539667.191,9664.557136,56.473,140.616
245,1,85,1,266.6335393,183.3664607,0,-1082096.501,1533515.617,9011.401641,56.248,140.31
246,1,84,1,309.4278022,140.5721978,0,-1225950.747,1460798.049,7707.069503,53.581,135.033
246,1,84,1,213.6900675,236.3099325,0,-1225223.141,1451669.906,10016.69217,53.246,135.06
247,1,86,1,215.217593,234.782407,0,-1310538.208,1931776.066,8809.013651,70.855,131.931
247,1,86,1,77.19573393,12.80426607,0,-1296568.18,1938655.246,14326.28165,71.108,132.443
248,2,86,1,156.5713072,293.4286928,0,-1350225.787,1902566.008,6920.575194,69.784,130.475
248,2,86,1,65.77225468,24.22774532,0,-1345251.611,1909339.354,9284.4434,70.033,130.658
249,3,86,1,173.2110254,276.7889746,0,-1369487.492,1855575.914,8952.792305,68.061,129.769
249,3,86,1,33.99645915,56.00354085,0,-1365042.483,1868170.105,10978.15806,68.522,129.932
250,4,86,2,152.9873347,297.0126653,0,-1393511.707,1712383.127,12116.90101,62.808,128.887
250,4,86,2,19.57312583,70.42687417,0,-1394146.708,1727623.158,10109.18122,63.367,128.864
251,1,87,1,233.8806592,216.1193408,0,-2781908.911,915291.1684,15148.72588,33.572,77.963
251,1,87,1,355.3331416,94.66685837,0,-2775128.949,932489.1195,16259.66863,34.203,78.211
252,1,88,1,211.5042667,238.4957333,0,-3313561.519,943198.1513,9620.088775,34.595,58.462
252,1,88,1,320.3893118,129.6106882,0,-3313958.395,954575.2574,9959.74633,35.013,58.448